PCODE;Weeks;Name;Population;Cases;Cumul_cases;IR_100000;CumulIR_100000
NG011001;1;Abakaliki;198100;0;0;0;0
NG011001;2;Abakaliki;198100;0;0;0;0
NG011001;3;Abakaliki;198100;0;0;0;0
NG011001;4;Abakaliki;198100;0;0;0;0
NG011001;5;Abakaliki;198100;0;0;0;0
NG011001;6;Abakaliki;198100;0;0;0;0
NG011001;7;Abakaliki;198100;0;0;0;0
NG011001;8;Abakaliki;198100;0;0;0;0
NG011001;9;Abakaliki;198100;0;0;0;0
NG011001;10;Abakaliki;198100;0;0;0;0
NG011001;11;Abakaliki;198100;0;0;0;0
NG011001;12;Abakaliki;198100;0;0;0;0
NG011001;13;Abakaliki;198100;0;0;0;0
NG011001;14;Abakaliki;198100;0;0;0;0
NG011001;15;Abakaliki;198100;0;0;0;0
NG011001;16;Abakaliki;198100;0;0;0;0
NG011001;17;Abakaliki;198100;0;0;0;0
NG011001;18;Abakaliki;198100;0;0;0;0
NG011001;19;Abakaliki;198100;0;0;0;0
NG011001;20;Abakaliki;198100;0;0;0;0
NG011001;21;Abakaliki;198100;0;0;0;0
NG011001;22;Abakaliki;198100;0;0;0;0
NG011001;23;Abakaliki;198100;0;0;0;0
NG011001;24;Abakaliki;198100;0;0;0;0
NG011001;25;Abakaliki;198100;0;0;0;0
NG011001;26;Abakaliki;198100;0;0;0;0
NG011001;27;Abakaliki;198100;0;0;0;0
NG011001;28;Abakaliki;198100;0;0;0;0
NG011001;29;Abakaliki;198100;0;0;0;0
NG011001;30;Abakaliki;198100;0;0;0;0
NG011001;31;Abakaliki;198100;0;0;0;0
NG011001;32;Abakaliki;198100;0;0;0;0
NG011001;33;Abakaliki;198100;0;0;0;0
NG011001;34;Abakaliki;198100;0;0;0;0
NG011001;35;Abakaliki;198100;;0;0;0
NG011001;36;Abakaliki;198100;;0;0;0
NG011001;37;Abakaliki;198100;;0;0;0
NG011001;38;Abakaliki;198100;;0;0;0
NG011001;39;Abakaliki;198100;;0;0;0
NG011001;40;Abakaliki;198100;;0;0;0
NG011001;41;Abakaliki;198100;;0;0;0
NG011001;42;Abakaliki;198100;;0;0;0
NG011001;43;Abakaliki;198100;;0;0;0
NG011001;44;Abakaliki;198100;;0;0;0
NG011001;45;Abakaliki;198100;;0;0;0
NG011001;46;Abakaliki;198100;;0;0;0
NG011001;47;Abakaliki;198100;;0;0;0
NG011001;48;Abakaliki;198100;;0;0;0
NG011001;49;Abakaliki;198100;;0;0;0
NG011001;50;Abakaliki;198100;;0;0;0
NG011001;51;Abakaliki;198100;;0;0;0
NG011001;52;Abakaliki;198100;;0;0;0
NG011002;1;Afikpo North;207300;0;0;0;0
NG011002;2;Afikpo North;207300;0;0;0;0
NG011002;3;Afikpo North;207300;0;0;0;0
NG011002;4;Afikpo North;207300;0;0;0;0
NG011002;5;Afikpo North;207300;0;0;0;0
NG011002;6;Afikpo North;207300;0;0;0;0
NG011002;7;Afikpo North;207300;0;0;0;0
NG011002;8;Afikpo North;207300;0;0;0;0
NG011002;9;Afikpo North;207300;0;0;0;0
NG011002;10;Afikpo North;207300;0;0;0;0
NG011002;11;Afikpo North;207300;0;0;0;0
NG011002;12;Afikpo North;207300;0;0;0;0
NG011002;13;Afikpo North;207300;1;1;0,48;0,48
NG011002;14;Afikpo North;207300;0;1;0;0,48
NG011002;15;Afikpo North;207300;0;1;0;0,48
NG011002;16;Afikpo North;207300;0;1;0;0,48
NG011002;17;Afikpo North;207300;0;1;0;0,48
NG011002;18;Afikpo North;207300;0;1;0;0,48
NG011002;19;Afikpo North;207300;0;1;0;0,48
NG011002;20;Afikpo North;207300;1;2;0,48;0,96
NG011002;21;Afikpo North;207300;0;2;0;0,96
NG011002;22;Afikpo North;207300;0;2;0;0,96
NG011002;23;Afikpo North;207300;0;2;0;0,96
NG011002;24;Afikpo North;207300;0;2;0;0,96
NG011002;25;Afikpo North;207300;0;2;0;0,96
NG011002;26;Afikpo North;207300;1;3;0,48;1,45
NG011002;27;Afikpo North;207300;0;3;0;1,45
NG011002;28;Afikpo North;207300;0;3;0;1,45
NG011002;29;Afikpo North;207300;0;3;0;1,45
NG011002;30;Afikpo North;207300;0;3;0;1,45
NG011002;31;Afikpo North;207300;0;3;0;1,45
NG011002;32;Afikpo North;207300;0;3;0;1,45
NG011002;33;Afikpo North;207300;0;3;0;1,45
NG011002;34;Afikpo North;207300;0;3;0;1,45
NG011002;35;Afikpo North;207300;;3;0;1,45
NG011002;36;Afikpo North;207300;;3;0;1,45
NG011002;37;Afikpo North;207300;;3;0;1,45
NG011002;38;Afikpo North;207300;;3;0;1,45
NG011002;39;Afikpo North;207300;;3;0;1,45
NG011002;40;Afikpo North;207300;;3;0;1,45
NG011002;41;Afikpo North;207300;;3;0;1,45
NG011002;42;Afikpo North;207300;;3;0;1,45
NG011002;43;Afikpo North;207300;;3;0;1,45
NG011002;44;Afikpo North;207300;;3;0;1,45
NG011002;45;Afikpo North;207300;;3;0;1,45
NG011002;46;Afikpo North;207300;;3;0;1,45
NG011002;47;Afikpo North;207300;;3;0;1,45
NG011002;48;Afikpo North;207300;;3;0;1,45
NG011002;49;Afikpo North;207300;;3;0;1,45
NG011002;50;Afikpo North;207300;;3;0;1,45
NG011002;51;Afikpo North;207300;;3;0;1,45
NG011002;52;Afikpo North;207300;;3;0;1,45
NG011003;1;Afikpo South;208400;0;0;0;0
NG011003;2;Afikpo South;208400;0;0;0;0
NG011003;3;Afikpo South;208400;0;0;0;0
NG011003;4;Afikpo South;208400;0;0;0;0
NG011003;5;Afikpo South;208400;0;0;0;0
NG011003;6;Afikpo South;208400;0;0;0;0
NG011003;7;Afikpo South;208400;0;0;0;0
NG011003;8;Afikpo South;208400;0;0;0;0
NG011003;9;Afikpo South;208400;0;0;0;0
NG011003;10;Afikpo South;208400;0;0;0;0
NG011003;11;Afikpo South;208400;0;0;0;0
NG011003;12;Afikpo South;208400;0;0;0;0
NG011003;13;Afikpo South;208400;0;0;0;0
NG011003;14;Afikpo South;208400;0;0;0;0
NG011003;15;Afikpo South;208400;0;0;0;0
NG011003;16;Afikpo South;208400;0;0;0;0
NG011003;17;Afikpo South;208400;0;0;0;0
NG011003;18;Afikpo South;208400;0;0;0;0
NG011003;19;Afikpo South;208400;0;0;0;0
NG011003;20;Afikpo South;208400;0;0;0;0
NG011003;21;Afikpo South;208400;0;0;0;0
NG011003;22;Afikpo South;208400;0;0;0;0
NG011003;23;Afikpo South;208400;0;0;0;0
NG011003;24;Afikpo South;208400;0;0;0;0
NG011003;25;Afikpo South;208400;0;0;0;0
NG011003;26;Afikpo South;208400;0;0;0;0
NG011003;27;Afikpo South;208400;0;0;0;0
NG011003;28;Afikpo South;208400;0;0;0;0
NG011003;29;Afikpo South;208400;0;0;0;0
NG011003;30;Afikpo South;208400;0;0;0;0
NG011003;31;Afikpo South;208400;0;0;0;0
NG011003;32;Afikpo South;208400;0;0;0;0
NG011003;33;Afikpo South;208400;0;0;0;0
NG011003;34;Afikpo South;208400;0;0;0;0
NG011003;35;Afikpo South;208400;;0;0;0
NG011003;36;Afikpo South;208400;;0;0;0
NG011003;37;Afikpo South;208400;;0;0;0
NG011003;38;Afikpo South;208400;;0;0;0
NG011003;39;Afikpo South;208400;;0;0;0
NG011003;40;Afikpo South;208400;;0;0;0
NG011003;41;Afikpo South;208400;;0;0;0
NG011003;42;Afikpo South;208400;;0;0;0
NG011003;43;Afikpo South;208400;;0;0;0
NG011003;44;Afikpo South;208400;;0;0;0
NG011003;45;Afikpo South;208400;;0;0;0
NG011003;46;Afikpo South;208400;;0;0;0
NG011003;47;Afikpo South;208400;;0;0;0
NG011003;48;Afikpo South;208400;;0;0;0
NG011003;49;Afikpo South;208400;;0;0;0
NG011003;50;Afikpo South;208400;;0;0;0
NG011003;51;Afikpo South;208400;;0;0;0
NG011003;52;Afikpo South;208400;;0;0;0
NG011004;1;Ebonyi;168300;0;0;0;0
NG011004;2;Ebonyi;168300;0;0;0;0
NG011004;3;Ebonyi;168300;0;0;0;0
NG011004;4;Ebonyi;168300;0;0;0;0
NG011004;5;Ebonyi;168300;1;1;0,59;0,59
NG011004;6;Ebonyi;168300;0;1;0;0,59
NG011004;7;Ebonyi;168300;0;1;0;0,59
NG011004;8;Ebonyi;168300;0;1;0;0,59
NG011004;9;Ebonyi;168300;0;1;0;0,59
NG011004;10;Ebonyi;168300;1;2;0,59;1,19
NG011004;11;Ebonyi;168300;0;2;0;1,19
NG011004;12;Ebonyi;168300;0;2;0;1,19
NG011004;13;Ebonyi;168300;1;3;0,59;1,78
NG011004;14;Ebonyi;168300;0;3;0;1,78
NG011004;15;Ebonyi;168300;0;3;0;1,78
NG011004;16;Ebonyi;168300;0;3;0;1,78
NG011004;17;Ebonyi;168300;0;3;0;1,78
NG011004;18;Ebonyi;168300;0;3;0;1,78
NG011004;19;Ebonyi;168300;0;3;0;1,78
NG011004;20;Ebonyi;168300;0;3;0;1,78
NG011004;21;Ebonyi;168300;0;3;0;1,78
NG011004;22;Ebonyi;168300;0;3;0;1,78
NG011004;23;Ebonyi;168300;1;4;0,59;2,38
NG011004;24;Ebonyi;168300;0;4;0;2,38
NG011004;25;Ebonyi;168300;0;4;0;2,38
NG011004;26;Ebonyi;168300;0;4;0;2,38
NG011004;27;Ebonyi;168300;0;4;0;2,38
NG011004;28;Ebonyi;168300;0;4;0;2,38
NG011004;29;Ebonyi;168300;0;4;0;2,38
NG011004;30;Ebonyi;168300;0;4;0;2,38
NG011004;31;Ebonyi;168300;0;4;0;2,38
NG011004;32;Ebonyi;168300;0;4;0;2,38
NG011004;33;Ebonyi;168300;0;4;0;2,38
NG011004;34;Ebonyi;168300;0;4;0;2,38
NG011004;35;Ebonyi;168300;;4;0;2,38
NG011004;36;Ebonyi;168300;;4;0;2,38
NG011004;37;Ebonyi;168300;;4;0;2,38
NG011004;38;Ebonyi;168300;;4;0;2,38
NG011004;39;Ebonyi;168300;;4;0;2,38
NG011004;40;Ebonyi;168300;;4;0;2,38
NG011004;41;Ebonyi;168300;;4;0;2,38
NG011004;42;Ebonyi;168300;;4;0;2,38
NG011004;43;Ebonyi;168300;;4;0;2,38
NG011004;44;Ebonyi;168300;;4;0;2,38
NG011004;45;Ebonyi;168300;;4;0;2,38
NG011004;46;Ebonyi;168300;;4;0;2,38
NG011004;47;Ebonyi;168300;;4;0;2,38
NG011004;48;Ebonyi;168300;;4;0;2,38
NG011004;49;Ebonyi;168300;;4;0;2,38
NG011004;50;Ebonyi;168300;;4;0;2,38
NG011004;51;Ebonyi;168300;;4;0;2,38
NG011004;52;Ebonyi;168300;;4;0;2,38
NG011005;1;Ezza North;193400;0;0;0;0
NG011005;2;Ezza North;193400;0;0;0;0
NG011005;3;Ezza North;193400;0;0;0;0
NG011005;4;Ezza North;193400;0;0;0;0
NG011005;5;Ezza North;193400;0;0;0;0
NG011005;6;Ezza North;193400;0;0;0;0
NG011005;7;Ezza North;193400;0;0;0;0
NG011005;8;Ezza North;193400;0;0;0;0
NG011005;9;Ezza North;193400;0;0;0;0
NG011005;10;Ezza North;193400;0;0;0;0
NG011005;11;Ezza North;193400;0;0;0;0
NG011005;12;Ezza North;193400;0;0;0;0
NG011005;13;Ezza North;193400;0;0;0;0
NG011005;14;Ezza North;193400;0;0;0;0
NG011005;15;Ezza North;193400;0;0;0;0
NG011005;16;Ezza North;193400;1;1;0,52;0,52
NG011005;17;Ezza North;193400;0;1;0;0,52
NG011005;18;Ezza North;193400;0;1;0;0,52
NG011005;19;Ezza North;193400;0;1;0;0,52
NG011005;20;Ezza North;193400;0;1;0;0,52
NG011005;21;Ezza North;193400;0;1;0;0,52
NG011005;22;Ezza North;193400;0;1;0;0,52
NG011005;23;Ezza North;193400;1;2;0,52;1,03
NG011005;24;Ezza North;193400;0;2;0;1,03
NG011005;25;Ezza North;193400;0;2;0;1,03
NG011005;26;Ezza North;193400;0;2;0;1,03
NG011005;27;Ezza North;193400;0;2;0;1,03
NG011005;28;Ezza North;193400;0;2;0;1,03
NG011005;29;Ezza North;193400;0;2;0;1,03
NG011005;30;Ezza North;193400;0;2;0;1,03
NG011005;31;Ezza North;193400;0;2;0;1,03
NG011005;32;Ezza North;193400;0;2;0;1,03
NG011005;33;Ezza North;193400;0;2;0;1,03
NG011005;34;Ezza North;193400;0;2;0;1,03
NG011005;35;Ezza North;193400;;2;0;1,03
NG011005;36;Ezza North;193400;;2;0;1,03
NG011005;37;Ezza North;193400;;2;0;1,03
NG011005;38;Ezza North;193400;;2;0;1,03
NG011005;39;Ezza North;193400;;2;0;1,03
NG011005;40;Ezza North;193400;;2;0;1,03
NG011005;41;Ezza North;193400;;2;0;1,03
NG011005;42;Ezza North;193400;;2;0;1,03
NG011005;43;Ezza North;193400;;2;0;1,03
NG011005;44;Ezza North;193400;;2;0;1,03
NG011005;45;Ezza North;193400;;2;0;1,03
NG011005;46;Ezza North;193400;;2;0;1,03
NG011005;47;Ezza North;193400;;2;0;1,03
NG011005;48;Ezza North;193400;;2;0;1,03
NG011005;49;Ezza North;193400;;2;0;1,03
NG011005;50;Ezza North;193400;;2;0;1,03
NG011005;51;Ezza North;193400;;2;0;1,03
NG011005;52;Ezza North;193400;;2;0;1,03
NG011006;1;Ezza South;176800;0;0;0;0
NG011006;2;Ezza South;176800;0;0;0;0
NG011006;3;Ezza South;176800;0;0;0;0
NG011006;4;Ezza South;176800;0;0;0;0
NG011006;5;Ezza South;176800;0;0;0;0
NG011006;6;Ezza South;176800;0;0;0;0
NG011006;7;Ezza South;176800;0;0;0;0
NG011006;8;Ezza South;176800;0;0;0;0
NG011006;9;Ezza South;176800;0;0;0;0
NG011006;10;Ezza South;176800;0;0;0;0
NG011006;11;Ezza South;176800;0;0;0;0
NG011006;12;Ezza South;176800;0;0;0;0
NG011006;13;Ezza South;176800;0;0;0;0
NG011006;14;Ezza South;176800;0;0;0;0
NG011006;15;Ezza South;176800;1;1;0,57;0,57
NG011006;16;Ezza South;176800;0;1;0;0,57
NG011006;17;Ezza South;176800;0;1;0;0,57
NG011006;18;Ezza South;176800;0;1;0;0,57
NG011006;19;Ezza South;176800;1;2;0,57;1,13
NG011006;20;Ezza South;176800;0;2;0;1,13
NG011006;21;Ezza South;176800;0;2;0;1,13
NG011006;22;Ezza South;176800;0;2;0;1,13
NG011006;23;Ezza South;176800;0;2;0;1,13
NG011006;24;Ezza South;176800;0;2;0;1,13
NG011006;25;Ezza South;176800;0;2;0;1,13
NG011006;26;Ezza South;176800;0;2;0;1,13
NG011006;27;Ezza South;176800;0;2;0;1,13
NG011006;28;Ezza South;176800;0;2;0;1,13
NG011006;29;Ezza South;176800;0;2;0;1,13
NG011006;30;Ezza South;176800;0;2;0;1,13
NG011006;31;Ezza South;176800;0;2;0;1,13
NG011006;32;Ezza South;176800;0;2;0;1,13
NG011006;33;Ezza South;176800;2;4;1,13;2,26
NG011006;34;Ezza South;176800;3;7;1,7;3,96
NG011006;35;Ezza South;176800;;7;0;3,96
NG011006;36;Ezza South;176800;;7;0;3,96
NG011006;37;Ezza South;176800;;7;0;3,96
NG011006;38;Ezza South;176800;;7;0;3,96
NG011006;39;Ezza South;176800;;7;0;3,96
NG011006;40;Ezza South;176800;;7;0;3,96
NG011006;41;Ezza South;176800;;7;0;3,96
NG011006;42;Ezza South;176800;;7;0;3,96
NG011006;43;Ezza South;176800;;7;0;3,96
NG011006;44;Ezza South;176800;;7;0;3,96
NG011006;45;Ezza South;176800;;7;0;3,96
NG011006;46;Ezza South;176800;;7;0;3,96
NG011006;47;Ezza South;176800;;7;0;3,96
NG011006;48;Ezza South;176800;;7;0;3,96
NG011006;49;Ezza South;176800;;7;0;3,96
NG011006;50;Ezza South;176800;;7;0;3,96
NG011006;51;Ezza South;176800;;7;0;3,96
NG011006;52;Ezza South;176800;;7;0;3,96
NG011007;1;Ikwo;284400;0;0;0;0
NG011007;2;Ikwo;284400;0;0;0;0
NG011007;3;Ikwo;284400;0;0;0;0
NG011007;4;Ikwo;284400;0;0;0;0
NG011007;5;Ikwo;284400;0;0;0;0
NG011007;6;Ikwo;284400;0;0;0;0
NG011007;7;Ikwo;284400;0;0;0;0
NG011007;8;Ikwo;284400;0;0;0;0
NG011007;9;Ikwo;284400;0;0;0;0
NG011007;10;Ikwo;284400;0;0;0;0
NG011007;11;Ikwo;284400;0;0;0;0
NG011007;12;Ikwo;284400;0;0;0;0
NG011007;13;Ikwo;284400;0;0;0;0
NG011007;14;Ikwo;284400;0;0;0;0
NG011007;15;Ikwo;284400;0;0;0;0
NG011007;16;Ikwo;284400;0;0;0;0
NG011007;17;Ikwo;284400;0;0;0;0
NG011007;18;Ikwo;284400;0;0;0;0
NG011007;19;Ikwo;284400;0;0;0;0
NG011007;20;Ikwo;284400;0;0;0;0
NG011007;21;Ikwo;284400;0;0;0;0
NG011007;22;Ikwo;284400;0;0;0;0
NG011007;23;Ikwo;284400;0;0;0;0
NG011007;24;Ikwo;284400;0;0;0;0
NG011007;25;Ikwo;284400;0;0;0;0
NG011007;26;Ikwo;284400;0;0;0;0
NG011007;27;Ikwo;284400;0;0;0;0
NG011007;28;Ikwo;284400;0;0;0;0
NG011007;29;Ikwo;284400;0;0;0;0
NG011007;30;Ikwo;284400;0;0;0;0
NG011007;31;Ikwo;284400;0;0;0;0
NG011007;32;Ikwo;284400;0;0;0;0
NG011007;33;Ikwo;284400;0;0;0;0
NG011007;34;Ikwo;284400;0;0;0;0
NG011007;35;Ikwo;284400;;0;0;0
NG011007;36;Ikwo;284400;;0;0;0
NG011007;37;Ikwo;284400;;0;0;0
NG011007;38;Ikwo;284400;;0;0;0
NG011007;39;Ikwo;284400;;0;0;0
NG011007;40;Ikwo;284400;;0;0;0
NG011007;41;Ikwo;284400;;0;0;0
NG011007;42;Ikwo;284400;;0;0;0
NG011007;43;Ikwo;284400;;0;0;0
NG011007;44;Ikwo;284400;;0;0;0
NG011007;45;Ikwo;284400;;0;0;0
NG011007;46;Ikwo;284400;;0;0;0
NG011007;47;Ikwo;284400;;0;0;0
NG011007;48;Ikwo;284400;;0;0;0
NG011007;49;Ikwo;284400;;0;0;0
NG011007;50;Ikwo;284400;;0;0;0
NG011007;51;Ikwo;284400;;0;0;0
NG011007;52;Ikwo;284400;;0;0;0
NG011008;1;Ishielu;201900;0;0;0;0
NG011008;2;Ishielu;201900;0;0;0;0
NG011008;3;Ishielu;201900;0;0;0;0
NG011008;4;Ishielu;201900;0;0;0;0
NG011008;5;Ishielu;201900;0;0;0;0
NG011008;6;Ishielu;201900;0;0;0;0
NG011008;7;Ishielu;201900;0;0;0;0
NG011008;8;Ishielu;201900;0;0;0;0
NG011008;9;Ishielu;201900;0;0;0;0
NG011008;10;Ishielu;201900;0;0;0;0
NG011008;11;Ishielu;201900;0;0;0;0
NG011008;12;Ishielu;201900;0;0;0;0
NG011008;13;Ishielu;201900;0;0;0;0
NG011008;14;Ishielu;201900;0;0;0;0
NG011008;15;Ishielu;201900;0;0;0;0
NG011008;16;Ishielu;201900;0;0;0;0
NG011008;17;Ishielu;201900;0;0;0;0
NG011008;18;Ishielu;201900;0;0;0;0
NG011008;19;Ishielu;201900;0;0;0;0
NG011008;20;Ishielu;201900;0;0;0;0
NG011008;21;Ishielu;201900;0;0;0;0
NG011008;22;Ishielu;201900;0;0;0;0
NG011008;23;Ishielu;201900;0;0;0;0
NG011008;24;Ishielu;201900;0;0;0;0
NG011008;25;Ishielu;201900;0;0;0;0
NG011008;26;Ishielu;201900;0;0;0;0
NG011008;27;Ishielu;201900;0;0;0;0
NG011008;28;Ishielu;201900;0;0;0;0
NG011008;29;Ishielu;201900;0;0;0;0
NG011008;30;Ishielu;201900;0;0;0;0
NG011008;31;Ishielu;201900;0;0;0;0
NG011008;32;Ishielu;201900;0;0;0;0
NG011008;33;Ishielu;201900;0;0;0;0
NG011008;34;Ishielu;201900;0;0;0;0
NG011008;35;Ishielu;201900;;0;0;0
NG011008;36;Ishielu;201900;;0;0;0
NG011008;37;Ishielu;201900;;0;0;0
NG011008;38;Ishielu;201900;;0;0;0
NG011008;39;Ishielu;201900;;0;0;0
NG011008;40;Ishielu;201900;;0;0;0
NG011008;41;Ishielu;201900;;0;0;0
NG011008;42;Ishielu;201900;;0;0;0
NG011008;43;Ishielu;201900;;0;0;0
NG011008;44;Ishielu;201900;;0;0;0
NG011008;45;Ishielu;201900;;0;0;0
NG011008;46;Ishielu;201900;;0;0;0
NG011008;47;Ishielu;201900;;0;0;0
NG011008;48;Ishielu;201900;;0;0;0
NG011008;49;Ishielu;201900;;0;0;0
NG011008;50;Ishielu;201900;;0;0;0
NG011008;51;Ishielu;201900;;0;0;0
NG011008;52;Ishielu;201900;;0;0;0
NG011009;1;Ivo;160600;0;0;0;0
NG011009;2;Ivo;160600;1;1;0,62;0,62
NG011009;3;Ivo;160600;0;1;0;0,62
NG011009;4;Ivo;160600;0;1;0;0,62
NG011009;5;Ivo;160600;0;1;0;0,62
NG011009;6;Ivo;160600;0;1;0;0,62
NG011009;7;Ivo;160600;0;1;0;0,62
NG011009;8;Ivo;160600;0;1;0;0,62
NG011009;9;Ivo;160600;0;1;0;0,62
NG011009;10;Ivo;160600;0;1;0;0,62
NG011009;11;Ivo;160600;0;1;0;0,62
NG011009;12;Ivo;160600;0;1;0;0,62
NG011009;13;Ivo;160600;0;1;0;0,62
NG011009;14;Ivo;160600;3;4;1,87;2,49
NG011009;15;Ivo;160600;0;4;0;2,49
NG011009;16;Ivo;160600;1;5;0,62;3,11
NG011009;17;Ivo;160600;0;5;0;3,11
NG011009;18;Ivo;160600;0;5;0;3,11
NG011009;19;Ivo;160600;0;5;0;3,11
NG011009;20;Ivo;160600;0;5;0;3,11
NG011009;21;Ivo;160600;0;5;0;3,11
NG011009;22;Ivo;160600;0;5;0;3,11
NG011009;23;Ivo;160600;0;5;0;3,11
NG011009;24;Ivo;160600;0;5;0;3,11
NG011009;25;Ivo;160600;0;5;0;3,11
NG011009;26;Ivo;160600;0;5;0;3,11
NG011009;27;Ivo;160600;0;5;0;3,11
NG011009;28;Ivo;160600;0;5;0;3,11
NG011009;29;Ivo;160600;0;5;0;3,11
NG011009;30;Ivo;160600;0;5;0;3,11
NG011009;31;Ivo;160600;0;5;0;3,11
NG011009;32;Ivo;160600;0;5;0;3,11
NG011009;33;Ivo;160600;0;5;0;3,11
NG011009;34;Ivo;160600;0;5;0;3,11
NG011009;35;Ivo;160600;;5;0;3,11
NG011009;36;Ivo;160600;;5;0;3,11
NG011009;37;Ivo;160600;;5;0;3,11
NG011009;38;Ivo;160600;;5;0;3,11
NG011009;39;Ivo;160600;;5;0;3,11
NG011009;40;Ivo;160600;;5;0;3,11
NG011009;41;Ivo;160600;;5;0;3,11
NG011009;42;Ivo;160600;;5;0;3,11
NG011009;43;Ivo;160600;;5;0;3,11
NG011009;44;Ivo;160600;;5;0;3,11
NG011009;45;Ivo;160600;;5;0;3,11
NG011009;46;Ivo;160600;;5;0;3,11
NG011009;47;Ivo;160600;;5;0;3,11
NG011009;48;Ivo;160600;;5;0;3,11
NG011009;49;Ivo;160600;;5;0;3,11
NG011009;50;Ivo;160600;;5;0;3,11
NG011009;51;Ivo;160600;;5;0;3,11
NG011009;52;Ivo;160600;;5;0;3,11
NG011010;1;Izzi;313200;2;2;0,64;0,64
NG011010;2;Izzi;313200;0;2;0;0,64
NG011010;3;Izzi;313200;0;2;0;0,64
NG011010;4;Izzi;313200;0;2;0;0,64
NG011010;5;Izzi;313200;0;2;0;0,64
NG011010;6;Izzi;313200;0;2;0;0,64
NG011010;7;Izzi;313200;0;2;0;0,64
NG011010;8;Izzi;313200;0;2;0;0,64
NG011010;9;Izzi;313200;0;2;0;0,64
NG011010;10;Izzi;313200;0;2;0;0,64
NG011010;11;Izzi;313200;0;2;0;0,64
NG011010;12;Izzi;313200;0;2;0;0,64
NG011010;13;Izzi;313200;0;2;0;0,64
NG011010;14;Izzi;313200;0;2;0;0,64
NG011010;15;Izzi;313200;0;2;0;0,64
NG011010;16;Izzi;313200;0;2;0;0,64
NG011010;17;Izzi;313200;0;2;0;0,64
NG011010;18;Izzi;313200;0;2;0;0,64
NG011010;19;Izzi;313200;0;2;0;0,64
NG011010;20;Izzi;313200;0;2;0;0,64
NG011010;21;Izzi;313200;2;4;0,64;1,28
NG011010;22;Izzi;313200;1;5;0,32;1,6
NG011010;23;Izzi;313200;1;6;0,32;1,92
NG011010;24;Izzi;313200;0;6;0;1,92
NG011010;25;Izzi;313200;2;8;0,64;2,55
NG011010;26;Izzi;313200;5;13;1,6;4,15
NG011010;27;Izzi;313200;10;23;3,19;7,34
NG011010;28;Izzi;313200;8;31;2,55;9,9
NG011010;29;Izzi;313200;7;38;2,23;12,13
NG011010;30;Izzi;313200;4;42;1,28;13,41
NG011010;31;Izzi;313200;1;43;0,32;13,73
NG011010;32;Izzi;313200;1;44;0,32;14,05
NG011010;33;Izzi;313200;0;44;0;14,05
NG011010;34;Izzi;313200;0;44;0;14,05
NG011010;35;Izzi;313200;;44;0;14,05
NG011010;36;Izzi;313200;;44;0;14,05
NG011010;37;Izzi;313200;;44;0;14,05
NG011010;38;Izzi;313200;;44;0;14,05
NG011010;39;Izzi;313200;;44;0;14,05
NG011010;40;Izzi;313200;;44;0;14,05
NG011010;41;Izzi;313200;;44;0;14,05
NG011010;42;Izzi;313200;;44;0;14,05
NG011010;43;Izzi;313200;;44;0;14,05
NG011010;44;Izzi;313200;;44;0;14,05
NG011010;45;Izzi;313200;;44;0;14,05
NG011010;46;Izzi;313200;;44;0;14,05
NG011010;47;Izzi;313200;;44;0;14,05
NG011010;48;Izzi;313200;;44;0;14,05
NG011010;49;Izzi;313200;;44;0;14,05
NG011010;50;Izzi;313200;;44;0;14,05
NG011010;51;Izzi;313200;;44;0;14,05
NG011010;52;Izzi;313200;;44;0;14,05
NG011011;1; Ohaozora;196200;0;0;0;0
NG011011;2; Ohaozora;196200;0;0;0;0
NG011011;3; Ohaozora;196200;0;0;0;0
NG011011;4; Ohaozora;196200;0;0;0;0
NG011011;5; Ohaozora;196200;0;0;0;0
NG011011;6; Ohaozora;196200;0;0;0;0
NG011011;7; Ohaozora;196200;0;0;0;0
NG011011;8; Ohaozora;196200;0;0;0;0
NG011011;9; Ohaozora;196200;0;0;0;0
NG011011;10; Ohaozora;196200;0;0;0;0
NG011011;11; Ohaozora;196200;0;0;0;0
NG011011;12; Ohaozora;196200;0;0;0;0
NG011011;13; Ohaozora;196200;0;0;0;0
NG011011;14; Ohaozora;196200;0;0;0;0
NG011011;15; Ohaozora;196200;1;1;0,51;0,51
NG011011;16; Ohaozora;196200;0;1;0;0,51
NG011011;17; Ohaozora;196200;0;1;0;0,51
NG011011;18; Ohaozora;196200;1;2;0,51;1,02
NG011011;19; Ohaozora;196200;0;2;0;1,02
NG011011;20; Ohaozora;196200;0;2;0;1,02
NG011011;21; Ohaozora;196200;0;2;0;1,02
NG011011;22; Ohaozora;196200;0;2;0;1,02
NG011011;23; Ohaozora;196200;1;3;0,51;1,53
NG011011;24; Ohaozora;196200;0;3;0;1,53
NG011011;25; Ohaozora;196200;0;3;0;1,53
NG011011;26; Ohaozora;196200;0;3;0;1,53
NG011011;27; Ohaozora;196200;0;3;0;1,53
NG011011;28; Ohaozora;196200;0;3;0;1,53
NG011011;29; Ohaozora;196200;0;3;0;1,53
NG011011;30; Ohaozora;196200;0;3;0;1,53
NG011011;31; Ohaozora;196200;0;3;0;1,53
NG011011;32; Ohaozora;196200;0;3;0;1,53
NG011011;33; Ohaozora;196200;0;3;0;1,53
NG011011;34; Ohaozora;196200;0;3;0;1,53
NG011011;35; Ohaozora;196200;;3;0;1,53
NG011011;36; Ohaozora;196200;;3;0;1,53
NG011011;37; Ohaozora;196200;;3;0;1,53
NG011011;38; Ohaozora;196200;;3;0;1,53
NG011011;39; Ohaozora;196200;;3;0;1,53
NG011011;40; Ohaozora;196200;;3;0;1,53
NG011011;41; Ohaozora;196200;;3;0;1,53
NG011011;42; Ohaozora;196200;;3;0;1,53
NG011011;43; Ohaozora;196200;;3;0;1,53
NG011011;44; Ohaozora;196200;;3;0;1,53
NG011011;45; Ohaozora;196200;;3;0;1,53
NG011011;46; Ohaozora;196200;;3;0;1,53
NG011011;47; Ohaozora;196200;;3;0;1,53
NG011011;48; Ohaozora;196200;;3;0;1,53
NG011011;49; Ohaozora;196200;;3;0;1,53
NG011011;50; Ohaozora;196200;;3;0;1,53
NG011011;51; Ohaozora;196200;;3;0;1,53
NG011011;52; Ohaozora;196200;;3;0;1,53
NG011012;1;Ohaukwu;258700;0;0;0;0
NG011012;2;Ohaukwu;258700;0;0;0;0
NG011012;3;Ohaukwu;258700;0;0;0;0
NG011012;4;Ohaukwu;258700;0;0;0;0
NG011012;5;Ohaukwu;258700;0;0;0;0
NG011012;6;Ohaukwu;258700;0;0;0;0
NG011012;7;Ohaukwu;258700;0;0;0;0
NG011012;8;Ohaukwu;258700;0;0;0;0
NG011012;9;Ohaukwu;258700;0;0;0;0
NG011012;10;Ohaukwu;258700;0;0;0;0
NG011012;11;Ohaukwu;258700;0;0;0;0
NG011012;12;Ohaukwu;258700;0;0;0;0
NG011012;13;Ohaukwu;258700;0;0;0;0
NG011012;14;Ohaukwu;258700;0;0;0;0
NG011012;15;Ohaukwu;258700;0;0;0;0
NG011012;16;Ohaukwu;258700;0;0;0;0
NG011012;17;Ohaukwu;258700;0;0;0;0
NG011012;18;Ohaukwu;258700;0;0;0;0
NG011012;19;Ohaukwu;258700;0;0;0;0
NG011012;20;Ohaukwu;258700;0;0;0;0
NG011012;21;Ohaukwu;258700;0;0;0;0
NG011012;22;Ohaukwu;258700;0;0;0;0
NG011012;23;Ohaukwu;258700;1;1;0,39;0,39
NG011012;24;Ohaukwu;258700;1;2;0,39;0,77
NG011012;25;Ohaukwu;258700;0;2;0;0,77
NG011012;26;Ohaukwu;258700;0;2;0;0,77
NG011012;27;Ohaukwu;258700;0;2;0;0,77
NG011012;28;Ohaukwu;258700;0;2;0;0,77
NG011012;29;Ohaukwu;258700;0;2;0;0,77
NG011012;30;Ohaukwu;258700;0;2;0;0,77
NG011012;31;Ohaukwu;258700;0;2;0;0,77
NG011012;32;Ohaukwu;258700;0;2;0;0,77
NG011012;33;Ohaukwu;258700;0;2;0;0,77
NG011012;34;Ohaukwu;258700;0;2;0;0,77
NG011012;35;Ohaukwu;258700;;2;0;0,77
NG011012;36;Ohaukwu;258700;;2;0;0,77
NG011012;37;Ohaukwu;258700;;2;0;0,77
NG011012;38;Ohaukwu;258700;;2;0;0,77
NG011012;39;Ohaukwu;258700;;2;0;0,77
NG011012;40;Ohaukwu;258700;;2;0;0,77
NG011012;41;Ohaukwu;258700;;2;0;0,77
NG011012;42;Ohaukwu;258700;;2;0;0,77
NG011012;43;Ohaukwu;258700;;2;0;0,77
NG011012;44;Ohaukwu;258700;;2;0;0,77
NG011012;45;Ohaukwu;258700;;2;0;0,77
NG011012;46;Ohaukwu;258700;;2;0;0,77
NG011012;47;Ohaukwu;258700;;2;0;0,77
NG011012;48;Ohaukwu;258700;;2;0;0,77
NG011012;49;Ohaukwu;258700;;2;0;0,77
NG011012;50;Ohaukwu;258700;;2;0;0,77
NG011012;51;Ohaukwu;258700;;2;0;0,77
NG011012;52;Ohaukwu;258700;;2;0;0,77
NG011013;1;Onicha;313100;0;0;0;0
NG011013;2;Onicha;313100;0;0;0;0
NG011013;3;Onicha;313100;0;0;0;0
NG011013;4;Onicha;313100;0;0;0;0
NG011013;5;Onicha;313100;0;0;0;0
NG011013;6;Onicha;313100;0;0;0;0
NG011013;7;Onicha;313100;0;0;0;0
NG011013;8;Onicha;313100;0;0;0;0
NG011013;9;Onicha;313100;0;0;0;0
NG011013;10;Onicha;313100;0;0;0;0
NG011013;11;Onicha;313100;0;0;0;0
NG011013;12;Onicha;313100;0;0;0;0
NG011013;13;Onicha;313100;0;0;0;0
NG011013;14;Onicha;313100;0;0;0;0
NG011013;15;Onicha;313100;0;0;0;0
NG011013;16;Onicha;313100;0;0;0;0
NG011013;17;Onicha;313100;0;0;0;0
NG011013;18;Onicha;313100;0;0;0;0
NG011013;19;Onicha;313100;0;0;0;0
NG011013;20;Onicha;313100;0;0;0;0
NG011013;21;Onicha;313100;0;0;0;0
NG011013;22;Onicha;313100;1;1;0,32;0,32
NG011013;23;Onicha;313100;0;1;0;0,32
NG011013;24;Onicha;313100;0;1;0;0,32
NG011013;25;Onicha;313100;0;1;0;0,32
NG011013;26;Onicha;313100;0;1;0;0,32
NG011013;27;Onicha;313100;0;1;0;0,32
NG011013;28;Onicha;313100;0;1;0;0,32
NG011013;29;Onicha;313100;0;1;0;0,32
NG011013;30;Onicha;313100;0;1;0;0,32
NG011013;31;Onicha;313100;0;1;0;0,32
NG011013;32;Onicha;313100;0;1;0;0,32
NG011013;33;Onicha;313100;0;1;0;0,32
NG011013;34;Onicha;313100;0;1;0;0,32
NG011013;35;Onicha;313100;;1;0;0,32
NG011013;36;Onicha;313100;;1;0;0,32
NG011013;37;Onicha;313100;;1;0;0,32
NG011013;38;Onicha;313100;;1;0;0,32
NG011013;39;Onicha;313100;;1;0;0,32
NG011013;40;Onicha;313100;;1;0;0,32
NG011013;41;Onicha;313100;;1;0;0,32
NG011013;42;Onicha;313100;;1;0;0,32
NG011013;43;Onicha;313100;;1;0;0,32
NG011013;44;Onicha;313100;;1;0;0,32
NG011013;45;Onicha;313100;;1;0;0,32
NG011013;46;Onicha;313100;;1;0;0,32
NG011013;47;Onicha;313100;;1;0;0,32
NG011013;48;Onicha;313100;;1;0;0,32
NG011013;49;Onicha;313100;;1;0;0,32
NG011013;50;Onicha;313100;;1;0;0,32
NG011013;51;Onicha;313100;;1;0;0,32
NG011013;52;Onicha;313100;;1;0;0,32
